<?xml version="1.0" encoding="UTF-8"?>
<Weakness_Catalog xmlns="http://cwe.mitre.org/cwe-6" xmlns:xhtml="http://www.w3.org/1999/xhtml" xmlns:xsi="http://www.w3.org/2001/XMLSchema-instance" Name="VIEW LIST: CWE-1178: Weaknesses Addressed by the SEI CERT Perl Coding Standard" Version="4.1" Date="2020-06-25" xsi:schemaLocation="http://cwe.mitre.org/cwe-6 http://cwe.mitre.org/data/xsd/cwe_schema_v6.3.xsd">
   <Categories>
      <Category ID="1179" Name="SEI CERT Perl Coding Standard - Guidelines 01. Input Validation and Data Sanitization (IDS)" Status="Stable">
         <Summary>Weaknesses in this category are related to the rules and recommendations in the Input Validation and Data Sanitization (IDS) section of the SEI CERT Perl Coding Standard.</Summary>
         <References>
            <Reference External_Reference_ID="REF-1012"/>
			<Reference External_Reference_ID="REF-1020"/>
         </References>
         <Content_History>
            <Submission>
               <Submission_Name>CWE Content Team</Submission_Name>
               <Submission_Organization>MITRE</Submission_Organization>
               <Submission_Date>2019-01-08</Submission_Date>
            </Submission>
         </Content_History>
      </Category>
      <Category ID="1180" Name="SEI CERT Perl Coding Standard - Guidelines 02. Declarations and Initialization (DCL)" Status="Stable">
         <Summary>Weaknesses in this category are related to the rules and recommendations in the Declarations and Initialization (DCL) section of the SEI CERT Perl Coding Standard.</Summary>
         <References>
            <Reference External_Reference_ID="REF-1013"/>
			<Reference External_Reference_ID="REF-1021"/>
         </References>
         <Content_History>
            <Submission>
               <Submission_Name>CWE Content Team</Submission_Name>
               <Submission_Organization>MITRE</Submission_Organization>
               <Submission_Date>2019-01-08</Submission_Date>
            </Submission>
         </Content_History>
      </Category>
      <Category ID="1181" Name="SEI CERT Perl Coding Standard - Guidelines 03. Expressions (EXP)" Status="Stable">
         <Summary>Weaknesses in this category are related to the rules and recommendations in the Expressions (EXP) section of the SEI CERT Perl Coding Standard.</Summary>
         <References>
            <Reference External_Reference_ID="REF-1014"/>
			<Reference External_Reference_ID="REF-1022"/>
         </References>
         <Content_History>
            <Submission>
               <Submission_Name>CWE Content Team</Submission_Name>
               <Submission_Organization>MITRE</Submission_Organization>
               <Submission_Date>2019-01-08</Submission_Date>
            </Submission>
         </Content_History>
      </Category>
      <Category ID="1182" Name="SEI CERT Perl Coding Standard - Guidelines 04. Integers (INT)" Status="Stable">
         <Summary>Weaknesses in this category are related to the rules and recommendations in the Integers (INT) section of the SEI CERT Perl Coding Standard.</Summary>
         <References>
            <Reference External_Reference_ID="REF-1015"/>
			<Reference External_Reference_ID="REF-1023"/>
         </References>
         <Content_History>
            <Submission>
               <Submission_Name>CWE Content Team</Submission_Name>
               <Submission_Organization>MITRE</Submission_Organization>
               <Submission_Date>2019-01-08</Submission_Date>
            </Submission>
         </Content_History>
      </Category>
      <Category ID="1183" Name="SEI CERT Perl Coding Standard - Guidelines 05. Strings (STR)" Status="Stable">
         <Summary>Weaknesses in this category are related to the rules and recommendations in the Strings (STR) section of the SEI CERT Perl Coding Standard.</Summary>
         <References>
            <Reference External_Reference_ID="REF-1016"/>
			<Reference External_Reference_ID="REF-1024"/>
         </References>
         <Content_History>
            <Submission>
               <Submission_Name>CWE Content Team</Submission_Name>
               <Submission_Organization>MITRE</Submission_Organization>
               <Submission_Date>2019-01-08</Submission_Date>
            </Submission>
         </Content_History>
      </Category>
      <Category ID="1184" Name="SEI CERT Perl Coding Standard - Guidelines 06. Object-Oriented Programming (OOP)" Status="Stable">
         <Summary>Weaknesses in this category are related to the rules and recommendations in the Object-Oriented Programming (OOP) section of the SEI CERT Perl Coding Standard.</Summary>
         <References>
            <Reference External_Reference_ID="REF-1017"/>
			<Reference External_Reference_ID="REF-1025"/>
         </References>
         <Content_History>
            <Submission>
               <Submission_Name>CWE Content Team</Submission_Name>
               <Submission_Organization>MITRE</Submission_Organization>
               <Submission_Date>2019-01-08</Submission_Date>
            </Submission>
         </Content_History>
      </Category>
      <Category ID="1185" Name="SEI CERT Perl Coding Standard - Guidelines 07. File Input and Output (FIO)" Status="Stable">
         <Summary>Weaknesses in this category are related to the rules and recommendations in the File Input and Output (FIO) section of the SEI CERT Perl Coding Standard.</Summary>
         <References>
            <Reference External_Reference_ID="REF-1018"/>
			<Reference External_Reference_ID="REF-1026"/>
         </References>
         <Content_History>
            <Submission>
               <Submission_Name>CWE Content Team</Submission_Name>
               <Submission_Organization>MITRE</Submission_Organization>
               <Submission_Date>2019-01-08</Submission_Date>
            </Submission>
         </Content_History>
      </Category>
      <Category ID="1186" Name="SEI CERT Perl Coding Standard - Guidelines 50. Miscellaneous (MSC)" Status="Stable">
         <Summary>Weaknesses in this category are related to the rules and recommendations in the Miscellaneous (MSC) section of the SEI CERT Perl Coding Standard.</Summary>
         <References>
            <Reference External_Reference_ID="REF-1019"/>
			<Reference External_Reference_ID="REF-1027"/>
         </References>
         <Content_History>
            <Submission>
               <Submission_Name>CWE Content Team</Submission_Name>
               <Submission_Organization>MITRE</Submission_Organization>
               <Submission_Date>2019-01-08</Submission_Date>
            </Submission>
         </Content_History>
      </Category>
   </Categories>
   <Views>
      <View ID="1178" Name="Weaknesses Addressed by the SEI CERT Perl Coding Standard" Type="Graph" Status="Stable">
         <Objective>CWE entries in this view (graph) are fully or partially eliminated by following the guidance presented in the online wiki that reflects that current rules and recommendations of the SEI CERT Perl Coding Standard.</Objective>
         <Audience>
            <Stakeholder>
               <Type>Software Developers</Type>
               <Description>By following the SEI CERT Perl Coding Standard, developers will be able to fully or partially prevent the weaknesses that are identified in this view. In addition, developers can use a CWE coverage graph to determine which weaknesses are not directly addressed by the standard, which will help identify and resolve remaining gaps in training, tool acquisition, or other approaches for reducing weaknesses.</Description>
            </Stakeholder>
            <Stakeholder>
               <Type>Product Customers</Type>
               <Description>If a software developer claims to be following the SEI CERT Perl Coding Standard, then customers can search for the weaknesses in this view in order to formulate independent evidence of that claim.</Description>
            </Stakeholder>
            <Stakeholder>
               <Type>Educators</Type>
               <Description>Educators can use this view in multiple ways. For example, if there is a focus on teaching weaknesses, the educator could link them to the relevant Secure Coding Standard.</Description>
            </Stakeholder>
         </Audience>
         <Members>
            <Has_Member CWE_ID="1179" View_ID="1178"/>
			<Has_Member CWE_ID="1180" View_ID="1178"/>
			<Has_Member CWE_ID="1181" View_ID="1178"/>
			<Has_Member CWE_ID="1182" View_ID="1178"/>
			<Has_Member CWE_ID="1183" View_ID="1178"/>
			<Has_Member CWE_ID="1184" View_ID="1178"/>
			<Has_Member CWE_ID="1185" View_ID="1178"/>
			<Has_Member CWE_ID="1186" View_ID="1178"/>
         </Members>
         <References>
            <Reference External_Reference_ID="REF-1011"/>
         </References>
         <Notes>
            <Note Type="Relationship">The relationships in this view were determined based on specific statements within the rules from the standard. Not all rules have direct relationships to individual weaknesses, although they likely have chaining relationships in specific circumstances.</Note>
         </Notes>
         <Content_History>
            <Submission>
               <Submission_Name>CWE Content Team</Submission_Name>
               <Submission_Organization>MITRE</Submission_Organization>
               <Submission_Date>2019-01-08</Submission_Date>
            </Submission>
				<Modification>
					<Modification_Name>CWE Content Team</Modification_Name>
					<Modification_Organization>MITRE</Modification_Organization>
					<Modification_Date>2020-02-24</Modification_Date>
					<Modification_Comment>updated View_Audience</Modification_Comment>
				</Modification>
         </Content_History>
      </View>
   </Views>
   <External_References>
      <External_Reference Reference_ID="REF-1011">
		  <Author>The Software Engineering Institute</Author>
		  <Title>SEI CERT Perl Coding Standard</Title>
		  <URL>https://wiki.sei.cmu.edu/confluence/display/perl/SEI+CERT+Perl+Coding+Standard</URL>
	   </External_Reference>
      <External_Reference Reference_ID="REF-1012">
		  <Author>The Software Engineering Institute</Author>
		  <Title>SEI CERT Perl Coding Standard : Rule 01. Input Validation and Data Sanitization (IDS)</Title>
		  <URL>https://wiki.sei.cmu.edu/confluence/pages/viewpage.action?pageId=88890533</URL>
	   </External_Reference>
      <External_Reference Reference_ID="REF-1013">
		  <Author>The Software Engineering Institute</Author>
		  <Title>SEI CERT Perl Coding Standard : Rule 02. Declarations and Initialization (DCL)</Title>
		  <URL>https://wiki.sei.cmu.edu/confluence/pages/viewpage.action?pageId=88890509</URL>
	   </External_Reference>
      <External_Reference Reference_ID="REF-1014">
		  <Author>The Software Engineering Institute</Author>
		  <Title>SEI CERT Perl Coding Standard : Rule 03. Expressions (EXP)</Title>
		  <URL>https://wiki.sei.cmu.edu/confluence/pages/viewpage.action?pageId=88890504</URL>
	   </External_Reference>
      <External_Reference Reference_ID="REF-1015">
		  <Author>The Software Engineering Institute</Author>
		  <Title>SEI CERT Perl Coding Standard : Rule 04. Integers (INT)</Title>
		  <URL>https://wiki.sei.cmu.edu/confluence/pages/viewpage.action?pageId=88890508</URL>
	   </External_Reference>
      <External_Reference Reference_ID="REF-1016">
		  <Author>The Software Engineering Institute</Author>
		  <Title>SEI CERT Perl Coding Standard : Rule 05. Strings (STR)</Title>
		  <URL>https://wiki.sei.cmu.edu/confluence/pages/viewpage.action?pageId=88890507</URL>
	   </External_Reference>
      <External_Reference Reference_ID="REF-1017">
		  <Author>The Software Engineering Institute</Author>
		  <Title>SEI CERT Perl Coding Standard : Rule 06. Object-Oriented Programming (OOP)</Title>
		  <URL>https://wiki.sei.cmu.edu/confluence/pages/viewpage.action?pageId=88890501</URL>
	   </External_Reference>
      <External_Reference Reference_ID="REF-1018">
		  <Author>The Software Engineering Institute</Author>
		  <Title>SEI CERT Perl Coding Standard : Rule 07. File Input and Output (FIO) </Title>
		  <URL>https://wiki.sei.cmu.edu/confluence/pages/viewpage.action?pageId=88890499</URL>
	   </External_Reference>
      <External_Reference Reference_ID="REF-1019">
		  <Author>The Software Engineering Institute</Author>
		  <Title>SEI CERT Perl Coding Standard : Rule 50. Miscellaneous (MSC)</Title>
		  <URL>https://wiki.sei.cmu.edu/confluence/pages/viewpage.action?pageId=88890497</URL>
	   </External_Reference>
      <External_Reference Reference_ID="REF-1020">
		  <Author>The Software Engineering Institute</Author>
		  <Title>SEI CERT Perl Coding Standard : Rec. 01. Input Validation and Data Sanitization (IDS)</Title>
		  <URL>https://wiki.sei.cmu.edu/confluence/pages/viewpage.action?pageId=88890568</URL>
	   </External_Reference>
      <External_Reference Reference_ID="REF-1021">
		  <Author>The Software Engineering Institute</Author>
		  <Title>SEI CERT Perl Coding Standard : Rec. 02. Declarations and Initialization (DCL)</Title>
		  <URL>https://wiki.sei.cmu.edu/confluence/pages/viewpage.action?pageId=88890569</URL>
	   </External_Reference>
      <External_Reference Reference_ID="REF-1022">
		  <Author>The Software Engineering Institute</Author>
		  <Title>SEI CERT Perl Coding Standard : Rec. 03. Expressions (EXP)</Title>
		  <URL>https://wiki.sei.cmu.edu/confluence/pages/viewpage.action?pageId=88890559</URL>
	   </External_Reference>
      <External_Reference Reference_ID="REF-1023">
		  <Author>The Software Engineering Institute</Author>
		  <Title>SEI CERT Perl Coding Standard : Rec. 04. Integers (INT)</Title>
		  <URL>https://wiki.sei.cmu.edu/confluence/pages/viewpage.action?pageId=88890560</URL>
	   </External_Reference>
      <External_Reference Reference_ID="REF-1024">
		  <Author>The Software Engineering Institute</Author>
		  <Title>SEI CERT Perl Coding Standard : Rec. 05. Strings (STR)</Title>
		  <URL>https://wiki.sei.cmu.edu/confluence/pages/viewpage.action?pageId=88890563</URL>
	   </External_Reference>
      <External_Reference Reference_ID="REF-1025">
		  <Author>The Software Engineering Institute</Author>
		  <Title>SEI CERT Perl Coding Standard : Rec. 06. Object-Oriented Programming (OOP)</Title>
		  <URL>https://wiki.sei.cmu.edu/confluence/pages/viewpage.action?pageId=88890561</URL>
	   </External_Reference>
      <External_Reference Reference_ID="REF-1026">
		  <Author>The Software Engineering Institute</Author>
		  <Title>SEI CERT Perl Coding Standard : Rec. 07. File Input and Output (FIO)</Title>
		  <URL>https://wiki.sei.cmu.edu/confluence/pages/viewpage.action?pageId=88890496</URL>
	   </External_Reference>
      <External_Reference Reference_ID="REF-1027">
		  <Author>The Software Engineering Institute</Author>
		  <Title>SEI CERT Perl Coding Standard : Rule 50. Miscellaneous (MSC)</Title>
		  <URL>https://wiki.sei.cmu.edu/confluence/pages/viewpage.action?pageId=88890502</URL>
	   </External_Reference>
   </External_References>
</Weakness_Catalog>